,minedex_coords,minedex_site,wamex_lat,wamex_lon,distance
0,"(-28.40897, 121.147797)",S0002897,-28.40288882,121.1458872,0.699453444932356 km
1,"(-28.40897, 121.147797)",S0002898,-28.40288882,121.1458872,0.699453444932356 km
2,"(-28.444611, 121.155098)",S0018933,-28.40288882,121.1458872,4.711152929844372 km
3,"(-28.444611, 121.155098)",S0019383,-28.40288882,121.1458872,4.711152929844372 km
4,"(-28.43095, 121.146103)",S0022300,-28.40288882,121.1458872,3.10998601602845 km
5,"(-28.483949, 121.169987)",S0223460,-28.40288882,121.1458872,9.288626857978263 km
6,"(-28.478071, 121.158546)",S0224705,-28.40288882,121.1458872,8.4239544565353 km
7,"(-28.483949, 121.169987)",S0229619,-28.40288882,121.1458872,9.288626857978263 km
8,"(-28.397473, 121.145223)",S0231974,-28.40288882,121.1458872,0.6037322235964145 km
9,"(-21.079196, 116.927548)",S0001501,-20.9937372834328,116.870214732527,11.182172960098034 km
10,"(-21.079069, 116.923897)",S0019518,-20.9937372834328,116.870214732527,10.972503736787163 km
11,"(-21.066667, 116.936068)",S0022459,-20.9937372834328,116.870214732527,10.585776572622809 km
12,"(-21.079069, 116.923897)",S0023122,-20.9937372834328,116.870214732527,10.972503736787163 km
13,"(-21.589494, 122.204345)",S0029493,-21.7239149329049,122.190180908979,14.955881802350879 km
14,"(-28.765087, 116.962407)",S0001256,-28.7835205259818,116.96139337659,2.045421756515477 km
15,"(-28.744567, 116.945103)",S0001257,-28.7835205259818,116.96139337659,4.60108716537902 km
16,"(-28.765087, 116.962407)",S0002039,-28.7835205259818,116.96139337659,2.045421756515477 km
17,"(-28.776882, 116.964949)",S0018874,-28.7835205259818,116.96139337659,0.813562709927893 km
18,"(-28.767751, 116.959301)",S0018875,-28.7835205259818,116.96139337659,1.759671274196901 km
19,"(-28.74515, 116.943556)",S0019515,-28.7835205259818,116.96139337659,4.595625076327211 km
20,"(-28.774319, 116.963017)",S0020268,-28.7835205259818,116.96139337659,1.0320742124789932 km
21,"(-28.769453, 116.960083)",S0020269,-28.7835205259818,116.96139337659,1.564374975791091 km
22,"(-28.775338, 116.95315)",S0020270,-28.7835205259818,116.96139337659,1.2125789750769944 km
23,"(-28.827388, 117.012276)",S0033008,-28.7835205259818,116.96139337659,6.95065472552851 km
24,"(-28.847024, 117.032666)",S0033009,-28.7835205259818,116.96139337659,9.896338415466662 km
25,"(-27.139858, 118.513817)",S0025428,-27.0634926523532,118.620414288197,13.540348075325827 km
26,"(-23.715655, 119.281652)",S0002505,-23.7333451381904,119.333509450264,5.639068667777628 km
27,"(-23.715655, 119.281652)",S0002505,-23.7280449341671,119.299787990561,2.3028237810068544 km
28,"(-28.40897, 121.147797)",S0002897,-28.5021225959745,121.179827103613,10.78994770808931 km
29,"(-28.40897, 121.147797)",S0002898,-28.5021225959745,121.179827103613,10.78994770808931 km
30,"(-28.444611, 121.155098)",S0018933,-28.5021225959745,121.179827103613,6.818392321461371 km
31,"(-28.444611, 121.155098)",S0019383,-28.5021225959745,121.179827103613,6.818392321461371 km
32,"(-28.43095, 121.146103)",S0022300,-28.5021225959745,121.179827103613,8.55139779595356 km
33,"(-28.483949, 121.169987)",S0223460,-28.5021225959745,121.179827103613,2.23270427463712 km
34,"(-28.478071, 121.158546)",S0224705,-28.5021225959745,121.179827103613,3.3833576101128906 km
35,"(-28.483949, 121.169987)",S0229619,-28.5021225959745,121.179827103613,2.23270427463712 km
36,"(-28.397473, 121.145223)",S0231974,-28.5021225959745,121.179827103613,12.08311248853232 km
37,"(-22.67894, 115.55592)",S0023817,-22.7822168114193,115.542509648079,11.519566960777722 km
38,"(-22.8552, 115.424049)",S0030829,-22.7822168114193,115.542509648079,14.601849113895332 km
39,"(-21.589494, 122.204345)",S0029493,-21.720966142062,122.191785559789,14.615271802397835 km
40,"(-21.079196, 116.927548)",S0001501,-20.9894112901175,116.92469319879,9.945164451552175 km
41,"(-21.079069, 116.923897)",S0019518,-20.9894112901175,116.92469319879,9.927020061893458 km
42,"(-21.066667, 116.936068)",S0022459,-20.9894112901175,116.92469319879,8.634891465476937 km
43,"(-21.079069, 116.923897)",S0023122,-20.9894112901175,116.92469319879,9.927020061893458 km
44,"(-28.40897, 121.147797)",S0002897,-28.5058346335918,121.180487058254,11.202498063024988 km
45,"(-28.40897, 121.147797)",S0002898,-28.5058346335918,121.180487058254,11.202498063024988 km
46,"(-28.444611, 121.155098)",S0018933,-28.5058346335918,121.180487058254,7.226413643333221 km
47,"(-28.444611, 121.155098)",S0019383,-28.5058346335918,121.180487058254,7.226413643333221 km
48,"(-28.43095, 121.146103)",S0022300,-28.5058346335918,121.180487058254,8.956362389545246 km
49,"(-28.483949, 121.169987)",S0223460,-28.5058346335918,121.180487058254,2.634402619274839 km
50,"(-28.478071, 121.158546)",S0224705,-28.5058346335918,121.180487058254,3.7527158731620713 km
51,"(-28.483949, 121.169987)",S0229619,-28.5058346335918,121.180487058254,2.634402619274839 km
52,"(-28.397473, 121.145223)",S0231974,-28.5058346335918,121.180487058254,12.49622163118037 km
53,"(-28.765087, 116.962407)",S0001256,-28.747093138668,116.935652812609,3.2870869769086704 km
54,"(-28.744567, 116.945103)",S0001257,-28.747093138668,116.935652812609,0.9645856193361471 km
55,"(-28.765087, 116.962407)",S0002039,-28.747093138668,116.935652812609,3.2870869769086704 km
56,"(-28.776882, 116.964949)",S0018874,-28.747093138668,116.935652812609,4.3687726117010115 km
57,"(-28.767751, 116.959301)",S0018875,-28.747093138668,116.935652812609,3.252128327308767 km
58,"(-28.74515, 116.943556)",S0019515,-28.747093138668,116.935652812609,0.8014302777382213 km
59,"(-28.774319, 116.963017)",S0020268,-28.747093138668,116.935652812609,4.030790189968587 km
60,"(-28.769453, 116.960083)",S0020269,-28.747093138668,116.935652812609,3.4400924088402793 km
61,"(-28.775338, 116.95315)",S0020270,-28.747093138668,116.935652812609,3.566458133856059 km
62,"(-28.827388, 117.012276)",S0033008,-28.747093138668,116.935652812609,11.626131625503591 km
63,"(-28.847024, 117.032666)",S0033009,-28.747093138668,116.935652812609,14.573031782640047 km
64,"(-25.540623, 119.328132)",S0223862,-25.5409380069224,119.327404179404,0.08104639406557815 km
65,"(-25.545412, 119.329808)",S0224795,-25.5409380069224,119.327404179404,0.551377836678912 km
66,"(-25.540623, 119.328132)",S0225466,-25.5409380069224,119.327404179404,0.08104639406557815 km
67,"(-25.540623, 119.328132)",S0225668,-25.5409380069224,119.327404179404,0.08104639406557815 km
68,"(-25.54063, 119.328128)",S0225749,-25.5409380069224,119.327404179404,0.08035138013749947 km
69,"(-18.438029, 127.489408)",S0001362,-18.4385292873627,127.489416883886,0.055382479950829976 km
70,"(-18.364941, 127.486)",S0002287,-18.4385292873627,127.489416883886,8.153118432705755 km
71,"(-18.31883, 127.543198)",S0005102,-18.4385292873627,127.489416883886,14.416451345551199 km
72,"(-18.364941, 127.486)",S0018738,-18.4385292873627,127.489416883886,8.153118432705755 km
73,"(-18.36684, 127.53437)",S0024078,-18.4385292873627,127.489416883886,9.24792224453589 km
74,"(-25.540623, 119.328132)",S0223862,-25.5401817203864,119.327197732372,0.10586103873574226 km
75,"(-25.545412, 119.329808)",S0224795,-25.5401817203864,119.327197732372,0.6360373442228586 km
76,"(-25.540623, 119.328132)",S0225466,-25.5401817203864,119.327197732372,0.10586103873574226 km
77,"(-25.540623, 119.328132)",S0225668,-25.5401817203864,119.327197732372,0.10586103873574226 km
78,"(-25.54063, 119.328128)",S0225749,-25.5401817203864,119.327197732372,0.10586615699570184 km
79,"(-27.139858, 118.513817)",S0025428,-27.0606920406541,118.622629381589,13.9062609505426 km
80,"(-28.40897, 121.147797)",S0002897,-28.3676601696193,121.114947580437,5.596861186692151 km
81,"(-28.40897, 121.147797)",S0002898,-28.3676601696193,121.114947580437,5.596861186692151 km
82,"(-28.444611, 121.155098)",S0018933,-28.3676601696193,121.114947580437,9.39194593526455 km
83,"(-28.444611, 121.155098)",S0019383,-28.3676601696193,121.114947580437,9.39194593526455 km
84,"(-28.43095, 121.146103)",S0022300,-28.3676601696193,121.114947580437,7.6498353405703154 km
85,"(-28.483949, 121.169987)",S0223460,-28.3676601696193,121.114947580437,13.97048790212141 km
86,"(-28.478071, 121.158546)",S0224705,-28.3676601696193,121.114947580437,12.960568340688855 km
87,"(-28.483949, 121.169987)",S0229619,-28.3676601696193,121.114947580437,13.97048790212141 km
88,"(-28.397473, 121.145223)",S0231974,-28.3676601696193,121.114947580437,4.44092719344458 km
89,"(-28.40897, 121.147797)",S0002897,-28.3678176134193,121.118271369651,5.401294199243597 km
90,"(-28.40897, 121.147797)",S0002898,-28.3678176134193,121.118271369651,5.401294199243597 km
91,"(-28.444611, 121.155098)",S0018933,-28.3678176134193,121.118271369651,9.244163409986989 km
92,"(-28.444611, 121.155098)",S0019383,-28.3678176134193,121.118271369651,9.244163409986989 km
93,"(-28.43095, 121.146103)",S0022300,-28.3678176134193,121.118271369651,7.509504090471576 km
94,"(-28.483949, 121.169987)",S0223460,-28.3678176134193,121.118271369651,13.831816870028796 km
95,"(-28.478071, 121.158546)",S0224705,-28.3678176134193,121.118271369651,12.840310727070458 km
96,"(-28.483949, 121.169987)",S0229619,-28.3678176134193,121.118271369651,13.831816870028796 km
97,"(-28.397473, 121.145223)",S0231974,-28.3678176134193,121.118271369651,4.216584477588341 km
98,"(-28.40897, 121.147797)",S0002897,-28.4871235816269,121.173407592761,9.017470922632718 km
99,"(-28.40897, 121.147797)",S0002898,-28.4871235816269,121.173407592761,9.017470922632718 km
100,"(-28.444611, 121.155098)",S0018933,-28.4871235816269,121.173407592761,5.04123541924028 km
101,"(-28.444611, 121.155098)",S0019383,-28.4871235816269,121.173407592761,5.04123541924028 km
102,"(-28.43095, 121.146103)",S0022300,-28.4871235816269,121.173407592761,6.7756237199438925 km
103,"(-28.483949, 121.169987)",S0223460,-28.4871235816269,121.173407592761,0.48576391714814876 km
104,"(-28.478071, 121.158546)",S0224705,-28.4871235816269,121.173407592761,1.7675713175986612 km
105,"(-28.483949, 121.169987)",S0229619,-28.4871235816269,121.173407592761,0.48576391714814876 km
106,"(-28.397473, 121.145223)",S0231974,-28.4871235816269,121.173407592761,10.3121313393687 km
107,"(-28.40897, 121.147797)",S0002897,-28.40460551,121.1467044,0.4954064450784678 km
108,"(-28.40897, 121.147797)",S0002898,-28.40460551,121.1467044,0.4954064450784678 km
109,"(-28.444611, 121.155098)",S0018933,-28.40460551,121.1467044,4.509281302340108 km
110,"(-28.444611, 121.155098)",S0019383,-28.40460551,121.1467044,4.509281302340108 km
111,"(-28.43095, 121.146103)",S0022300,-28.40460551,121.1467044,2.920254822644114 km
112,"(-28.483949, 121.169987)",S0223460,-28.40460551,121.1467044,9.084317148669339 km
113,"(-28.478071, 121.158546)",S0224705,-28.40460551,121.1467044,8.224147066380057 km
114,"(-28.483949, 121.169987)",S0229619,-28.40460551,121.1467044,9.084317148669339 km
115,"(-28.397473, 121.145223)",S0231974,-28.40460551,121.1467044,0.803686984598231 km
116,"(-28.40897, 121.147797)",S0002897,-28.4045926235968,121.146688000298,0.4971497387378863 km
117,"(-28.40897, 121.147797)",S0002898,-28.4045926235968,121.146688000298,0.4971497387378863 km
118,"(-28.444611, 121.155098)",S0018933,-28.4045926235968,121.146688000298,4.510978721820463 km
119,"(-28.444611, 121.155098)",S0019383,-28.4045926235968,121.146688000298,4.510978721820463 km
120,"(-28.43095, 121.146103)",S0022300,-28.4045926235968,121.146688000298,2.9216507152585978 km
121,"(-28.483949, 121.169987)",S0223460,-28.4045926235968,121.146688000298,9.086102975496125 km
122,"(-28.478071, 121.158546)",S0224705,-28.4045926235968,121.146688000298,8.225787653128105 km
123,"(-28.483949, 121.169987)",S0229619,-28.4045926235968,121.146688000298,9.086102975496125 km
124,"(-28.397473, 121.145223)",S0231974,-28.4045926235968,121.146688000298,0.8019931299305281 km
125,"(-22.67894, 115.55592)",S0023817,-22.7803484722819,115.538534663866,11.371120898985197 km
126,"(-22.8552, 115.424049)",S0030829,-22.7803484722819,115.538534663866,14.382093795195852 km
127,"(-21.079196, 116.927548)",S0001501,-21.1346770475098,116.799259325177,14.676100564248149 km
128,"(-21.079069, 116.923897)",S0019518,-21.1346770475098,116.799259325177,14.338517709772539 km
129,"(-21.079069, 116.923897)",S0023122,-21.1346770475098,116.799259325177,14.338517709772539 km
130,"(-18.438029, 127.489408)",S0001362,-18.4392148958378,127.489859338093,0.13965271672081397 km
131,"(-18.364941, 127.486)",S0002287,-18.4392148958378,127.489859338093,8.231115183259222 km
132,"(-18.31883, 127.543198)",S0005102,-18.4392148958378,127.489859338093,14.467938458703387 km
133,"(-18.364941, 127.486)",S0018738,-18.4392148958378,127.489859338093,8.231115183259222 km
134,"(-18.36684, 127.53437)",S0024078,-18.4392148958378,127.489859338093,9.289355289437802 km
135,"(-21.589494, 122.204345)",S0029493,-21.7239855562984,122.188625116401,14.980299480058873 km
136,"(-23.715655, 119.281652)",S0002505,-23.7209688476366,119.288088394915,0.8815557200858561 km
137,"(-23.715655, 119.281652)",S0002505,-23.725302322906,119.293912416955,1.6445820492135517 km
138,"(-28.40897, 121.147797)",S0002897,-28.5078632350858,121.178257066867,11.358807763989303 km
139,"(-28.40897, 121.147797)",S0002898,-28.5078632350858,121.178257066867,11.358807763989303 km
140,"(-28.444611, 121.155098)",S0018933,-28.5078632350858,121.178257066867,7.367787339735034 km
141,"(-28.444611, 121.155098)",S0019383,-28.5078632350858,121.178257066867,7.367787339735034 km
142,"(-28.43095, 121.146103)",S0022300,-28.5078632350858,121.178257066867,9.087103264742844 km
143,"(-28.483949, 121.169987)",S0223460,-28.5078632350858,121.178257066867,2.7712816820271615 km
144,"(-28.478071, 121.158546)",S0224705,-28.5078632350858,121.178257066867,3.8244563230195965 km
145,"(-28.483949, 121.169987)",S0229619,-28.5078632350858,121.178257066867,2.7712816820271615 km
146,"(-28.397473, 121.145223)",S0231974,-28.5078632350858,121.178257066867,12.654829947873681 km
147,"(-28.40897, 121.147797)",S0002897,-28.3663440861567,121.113243030286,5.812517895743331 km
148,"(-28.40897, 121.147797)",S0002898,-28.3663440861567,121.113243030286,5.812517895743331 km
149,"(-28.444611, 121.155098)",S0018933,-28.3663440861567,121.113243030286,9.594795351817684 km
150,"(-28.444611, 121.155098)",S0019383,-28.3663440861567,121.113243030286,9.594795351817684 km
151,"(-28.43095, 121.146103)",S0022300,-28.3663440861567,121.113243030286,7.850820680227917 km
152,"(-28.483949, 121.169987)",S0223460,-28.3663440861567,121.113243030286,14.169849746276848 km
153,"(-28.478071, 121.158546)",S0224705,-28.3663440861567,121.113243030286,13.153781623571364 km
154,"(-28.483949, 121.169987)",S0229619,-28.3663440861567,121.113243030286,14.169849746276848 km
155,"(-28.397473, 121.145223)",S0231974,-28.3663440861567,121.113243030286,4.661164826014245 km
156,"(-27.139858, 118.513817)",S0025428,-27.1396469062929,118.513221828707,0.06346782349067967 km
157,"(-21.079196, 116.927548)",S0001501,-20.9895175762064,116.871897590368,11.491162602057875 km
158,"(-21.079069, 116.923897)",S0019518,-20.9895175762064,116.871897590368,11.292527335993013 km
159,"(-21.066667, 116.936068)",S0022459,-20.9895175762064,116.871897590368,10.837832160732495 km
160,"(-21.079069, 116.923897)",S0023122,-20.9895175762064,116.871897590368,11.292527335993013 km
161,"(-23.715655, 119.281652)",S0002505,-23.7267347543991,119.295675976396,1.884359101620958 km
162,"(-23.715655, 119.281652)",S0002505,-23.7213557521872,119.287679379548,0.8811384835285029 km
163,"(-28.40897, 121.147797)",S0002897,-28.3641833462165,121.111134869279,6.127607709909301 km
164,"(-28.40897, 121.147797)",S0002898,-28.3641833462165,121.111134869279,6.127607709909301 km
165,"(-28.444611, 121.155098)",S0018933,-28.3641833462165,121.111134869279,9.899963943107117 km
166,"(-28.444611, 121.155098)",S0019383,-28.3641833462165,121.111134869279,9.899963943107117 km
167,"(-28.43095, 121.146103)",S0022300,-28.3641833462165,121.111134869279,8.154467324894595 km
168,"(-28.483949, 121.169987)",S0223460,-28.3641833462165,121.111134869279,14.471491212769156 km
169,"(-28.478071, 121.158546)",S0224705,-28.3641833462165,121.111134869279,13.449395032188674 km
170,"(-28.483949, 121.169987)",S0229619,-28.3641833462165,121.111134869279,14.471491212769156 km
171,"(-28.397473, 121.145223)",S0231974,-28.3641833462165,121.111134869279,4.977378411549977 km
172,"(-23.715655, 119.281652)",S0002505,-23.7217602795021,119.288131128656,0.9453755373527134 km
173,"(-22.67894, 115.55592)",S0023817,-22.7820501253673,115.540893400257,11.52230619312117 km
174,"(-22.8552, 115.424049)",S0030829,-22.7820501253673,115.540893400257,14.474282324368234 km
175,"(-27.139858, 118.513817)",S0025428,-27.0607260185124,118.621827856693,13.842289310461869 km
176,"(-21.079196, 116.927548)",S0001501,-20.9877704973117,116.870617078606,11.72533308860595 km
177,"(-21.079069, 116.923897)",S0019518,-20.9877704973117,116.870617078606,11.52611268627717 km
178,"(-21.066667, 116.936068)",S0022459,-20.9877704973117,116.870617078606,11.07224536176864 km
179,"(-21.079069, 116.923897)",S0023122,-20.9877704973117,116.870617078606,11.52611268627717 km
180,"(-27.139858, 118.513817)",S0025428,-27.1404626164736,118.513516737452,0.07330968688181502 km
181,"(-27.139858, 118.513817)",S0025428,-27.1391512871958,118.513955721129,0.07950612870617584 km
182,"(-18.438029, 127.489408)",S0001362,-18.4394486560635,127.489721676812,0.1605912212473329 km
183,"(-18.364941, 127.486)",S0002287,-18.4394486560635,127.489721676812,8.256251771292595 km
184,"(-18.31883, 127.543198)",S0005102,-18.4394486560635,127.489721676812,14.497434471599963 km
185,"(-18.364941, 127.486)",S0018738,-18.4394486560635,127.489721676812,8.256251771292595 km
186,"(-18.36684, 127.53437)",S0024078,-18.4394486560635,127.489721676812,9.319030619314093 km
187,"(-28.40897, 121.147797)",S0002897,-28.40138796,121.1426322,0.9809314396324907 km
188,"(-28.40897, 121.147797)",S0002898,-28.40138796,121.1426322,0.9809314396324907 km
189,"(-28.444611, 121.155098)",S0018933,-28.40138796,121.1426322,4.943496721094538 km
190,"(-28.444611, 121.155098)",S0019383,-28.40138796,121.1426322,4.943496721094538 km
191,"(-28.43095, 121.146103)",S0022300,-28.40138796,121.1426322,3.2938508967806364 km
192,"(-28.483949, 121.169987)",S0223460,-28.40138796,121.1426322,9.53425484288747 km
193,"(-28.478071, 121.158546)",S0224705,-28.40138796,121.1426322,8.640314037624204 km
194,"(-28.483949, 121.169987)",S0229619,-28.40138796,121.1426322,9.53425484288747 km
195,"(-28.397473, 121.145223)",S0231974,-28.40138796,121.1426322,0.5027038892826585 km
196,"(-28.40897, 121.147797)",S0002897,-28.3836909591855,121.130311955646,3.2840496802071852 km
197,"(-28.40897, 121.147797)",S0002898,-28.3836909591855,121.130311955646,3.2840496802071852 km
198,"(-28.444611, 121.155098)",S0018933,-28.3836909591855,121.130311955646,7.17505362366636 km
199,"(-28.444611, 121.155098)",S0019383,-28.3836909591855,121.130311955646,7.17505362366636 km
200,"(-28.43095, 121.146103)",S0022300,-28.3836909591855,121.130311955646,5.4613243433262015 km
201,"(-28.483949, 121.169987)",S0223460,-28.3836909591855,121.130311955646,11.771438644844947 km
202,"(-28.478071, 121.158546)",S0224705,-28.3836909591855,121.130311955646,10.819352848810771 km
203,"(-28.483949, 121.169987)",S0229619,-28.3836909591855,121.130311955646,11.771438644844947 km
204,"(-28.397473, 121.145223)",S0231974,-28.3836909591855,121.130311955646,2.113889292704566 km
205,"(-18.438029, 127.489408)",S0001362,-18.4390812306346,127.490044398163,0.13447763272031446 km
206,"(-18.364941, 127.486)",S0002287,-18.4390812306346,127.490044398163,8.217332289270182 km
207,"(-18.31883, 127.543198)",S0005102,-18.4390812306346,127.490044398163,14.44669958238982 km
208,"(-18.364941, 127.486)",S0018738,-18.4390812306346,127.490044398163,8.217332289270182 km
209,"(-18.36684, 127.53437)",S0024078,-18.4390812306346,127.490044398163,9.266702611577884 km
210,"(-28.40897, 121.147797)",S0002897,-28.3686747847814,121.118053527922,5.332958307168489 km
211,"(-28.40897, 121.147797)",S0002898,-28.3686747847814,121.118053527922,5.332958307168489 km
212,"(-28.444611, 121.155098)",S0018933,-28.3686747847814,121.118053527922,9.165207184388635 km
213,"(-28.444611, 121.155098)",S0019383,-28.3686747847814,121.118053527922,9.165207184388635 km
214,"(-28.43095, 121.146103)",S0022300,-28.3686747847814,121.118053527922,7.428943144396899 km
215,"(-28.483949, 121.169987)",S0223460,-28.3686747847814,121.118053527922,13.75134231533237 km
216,"(-28.478071, 121.158546)",S0224705,-28.3686747847814,121.118053527922,12.7565611285441 km
217,"(-28.483949, 121.169987)",S0229619,-28.3686747847814,121.118053527922,13.75134231533237 km
218,"(-28.397473, 121.145223)",S0231974,-28.3686747847814,121.118053527922,4.1566072590509116 km
219,"(-25.540623, 119.328132)",S0223862,-25.4623454798993,119.418750698766,12.57767241391855 km
220,"(-25.545412, 119.329808)",S0224795,-25.4623454798993,119.418750698766,12.831033406477342 km
221,"(-25.540623, 119.328132)",S0225466,-25.4623454798993,119.418750698766,12.57767241391855 km
222,"(-25.540623, 119.328132)",S0225668,-25.4623454798993,119.418750698766,12.57767241391855 km
223,"(-25.54063, 119.328128)",S0225749,-25.4623454798993,119.418750698766,12.578498157207662 km
224,"(-21.589494, 122.204345)",S0029493,-21.7175008304687,122.188982087432,14.262566812978433 km
225,"(-23.715655, 119.281652)",S0002505,-23.7223116026061,119.290499046568,1.1650755658230079 km
226,"(-21.079196, 116.927548)",S0001501,-21.0783504554243,116.888374945267,4.0717738076460765 km
227,"(-21.079069, 116.923897)",S0019518,-21.0783504554243,116.888374945267,3.692159818592072 km
228,"(-21.066667, 116.936068)",S0022459,-21.0783504554243,116.888374945267,5.122294856802983 km
229,"(-21.079069, 116.923897)",S0023122,-21.0783504554243,116.888374945267,3.692159818592072 km
230,"(-28.40897, 121.147797)",S0002897,-28.366466967292,121.111265020531,5.916712194864535 km
231,"(-28.40897, 121.147797)",S0002898,-28.366466967292,121.111265020531,5.916712194864535 km
232,"(-28.444611, 121.155098)",S0018933,-28.366466967292,121.111265020531,9.667032421451976 km
233,"(-28.444611, 121.155098)",S0019383,-28.366466967292,121.111265020531,9.667032421451976 km
234,"(-28.43095, 121.146103)",S0022300,-28.366466967292,121.111265020531,7.920007666332147 km
235,"(-28.483949, 121.169987)",S0223460,-28.366466967292,121.111265020531,14.234538032682567 km
236,"(-28.478071, 121.158546)",S0224705,-28.366466967292,121.111265020531,13.207679956057339 km
237,"(-28.483949, 121.169987)",S0229619,-28.366466967292,121.111265020531,14.234538032682567 km
238,"(-28.397473, 121.145223)",S0231974,-28.366466967292,121.111265020531,4.783890361075317 km
239,"(-23.715655, 119.281652)",S0002505,-23.7252959449541,119.291737898896,1.4825245581741746 km
240,"(-23.715655, 119.281652)",S0002505,-23.7214188493496,119.287879325522,0.9004203801772522 km
241,"(-28.40897, 121.147797)",S0002897,-28.3698495824966,121.119352541731,5.154456166255659 km
242,"(-28.40897, 121.147797)",S0002898,-28.3698495824966,121.119352541731,5.154456166255659 km
243,"(-28.444611, 121.155098)",S0018933,-28.3698495824966,121.119352541731,8.995471420047165 km
244,"(-28.444611, 121.155098)",S0019383,-28.3698495824966,121.119352541731,8.995471420047165 km
245,"(-28.43095, 121.146103)",S0022300,-28.3698495824966,121.119352541731,7.261217722392565 km
246,"(-28.483949, 121.169987)",S0223460,-28.3698495824966,121.119352541731,13.583466478938814 km
247,"(-28.478071, 121.158546)",S0224705,-28.3698495824966,121.119352541731,12.593490012808845 km
248,"(-28.483949, 121.169987)",S0229619,-28.3698495824966,121.119352541731,13.583466478938814 km
249,"(-28.397473, 121.145223)",S0231974,-28.3698495824966,121.119352541731,3.9750875992075496 km
250,"(-28.40897, 121.147797)",S0002897,-28.4856167283651,121.172078248672,8.8211933965712 km
251,"(-28.40897, 121.147797)",S0002898,-28.4856167283651,121.172078248672,8.8211933965712 km
252,"(-28.444611, 121.155098)",S0018933,-28.4856167283651,121.172078248672,4.839252910331771 km
253,"(-28.444611, 121.155098)",S0019383,-28.4856167283651,121.172078248672,4.839252910331771 km
254,"(-28.43095, 121.146103)",S0022300,-28.4856167283651,121.172078248672,6.571019801139915 km
255,"(-28.483949, 121.169987)",S0223460,-28.4856167283651,121.172078248672,0.27585018365585484 km
256,"(-28.478071, 121.158546)",S0224705,-28.4856167283651,121.172078248672,1.5669121858715267 km
257,"(-28.483949, 121.169987)",S0229619,-28.4856167283651,121.172078248672,0.27585018365585484 km
258,"(-28.397473, 121.145223)",S0231974,-28.4856167283651,121.172078248672,10.116690799343855 km
259,"(-28.765087, 116.962407)",S0001256,-28.7744906024487,116.953144273082,1.380007031467948 km
260,"(-28.744567, 116.945103)",S0001257,-28.7744906024487,116.953144273082,3.4082024193501823 km
261,"(-28.765087, 116.962407)",S0002039,-28.7744906024487,116.953144273082,1.380007031467948 km
262,"(-28.776882, 116.964949)",S0018874,-28.7744906024487,116.953144273082,1.1827925513896569 km
263,"(-28.767751, 116.959301)",S0018875,-28.7744906024487,116.953144273082,0.9588649200256171 km
264,"(-28.74515, 116.943556)",S0019515,-28.7744906024487,116.953144273082,3.3840152696520764 km
265,"(-28.774319, 116.963017)",S0020268,-28.7744906024487,116.953144273082,0.9642566510197079 km
266,"(-28.769453, 116.960083)",S0020269,-28.7744906024487,116.953144273082,0.8779778177208997 km
267,"(-28.775338, 116.95315)",S0020270,-28.7744906024487,116.953144273082,0.09392048128739428 km
268,"(-28.827388, 117.012276)",S0033008,-28.7744906024487,116.953144273082,8.22777652357889 km
269,"(-28.847024, 117.032666)",S0033009,-28.7744906024487,116.953144273082,11.175163384158083 km
270,"(-21.589494, 122.204345)",S0029493,-21.7209601582654,122.192170204601,14.611124028125388 km
271,"(-28.40897, 121.147797)",S0002897,-28.44535376,121.1610954,4.237538223649428 km
272,"(-28.40897, 121.147797)",S0002898,-28.44535376,121.1610954,4.237538223649428 km
273,"(-28.444611, 121.155098)",S0018933,-28.44535376,121.1610954,0.5932135937507936 km
274,"(-28.444611, 121.155098)",S0019383,-28.44535376,121.1610954,0.5932135937507936 km
275,"(-28.43095, 121.146103)",S0022300,-28.44535376,121.1610954,2.169155078784804 km
276,"(-28.483949, 121.169987)",S0223460,-28.44535376,121.1610954,4.365136561887051 km
277,"(-28.478071, 121.158546)",S0224705,-28.44535376,121.1610954,3.6345381597896598 km
278,"(-28.483949, 121.169987)",S0229619,-28.44535376,121.1610954,4.365136561887051 km
279,"(-28.397473, 121.145223)",S0231974,-28.44535376,121.1610954,5.529627663192891 km
280,"(-27.139858, 118.513817)",S0025428,-27.0610595594674,118.622491626152,13.869978601334337 km
281,"(-21.079196, 116.927548)",S0001501,-20.9900221309691,116.868255194874,11.638907204282715 km
282,"(-21.079069, 116.923897)",S0019518,-20.9900221309691,116.868255194874,11.430342568946612 km
283,"(-21.066667, 116.936068)",S0022459,-20.9900221309691,116.868255194874,11.031860628603058 km
284,"(-21.079069, 116.923897)",S0023122,-20.9900221309691,116.868255194874,11.430342568946612 km
285,"(-27.139858, 118.513817)",S0025428,-27.1396433382686,118.513636460223,0.029766985307008557 km
286,"(-25.540623, 119.328132)",S0223862,-25.5409327657712,119.327606105954,0.06301729014043495 km
287,"(-25.545412, 119.329808)",S0224795,-25.5409327657712,119.327606105954,0.543322817776525 km
288,"(-25.540623, 119.328132)",S0225466,-25.5409327657712,119.327606105954,0.06301729014043495 km
289,"(-25.540623, 119.328132)",S0225668,-25.5409327657712,119.327606105954,0.06301729014043495 km
290,"(-25.54063, 119.328128)",S0225749,-25.5409327657712,119.327606105954,0.06225932132901639 km
291,"(-21.589494, 122.204345)",S0029493,-21.7240693339324,122.190256136845,14.972135320180296 km
292,"(-28.765087, 116.962407)",S0001256,-28.7582878541768,116.945288994749,1.833759608561509 km
293,"(-28.744567, 116.945103)",S0001257,-28.7582878541768,116.945288994749,1.5208137495708487 km
294,"(-28.765087, 116.962407)",S0002039,-28.7582878541768,116.945288994749,1.833759608561509 km
295,"(-28.776882, 116.964949)",S0018874,-28.7582878541768,116.945288994749,2.816574046945754 km
296,"(-28.767751, 116.959301)",S0018875,-28.7582878541768,116.945288994749,1.724118446035671 km
297,"(-28.74515, 116.943556)",S0019515,-28.7582878541768,116.945288994749,1.465895411947145 km
298,"(-28.774319, 116.963017)",S0020268,-28.7582878541768,116.945288994749,2.4807612269017887 km
299,"(-28.769453, 116.960083)",S0020269,-28.7582878541768,116.945288994749,1.9022800088673582 km
300,"(-28.775338, 116.95315)",S0020270,-28.7582878541768,116.945288994749,2.0396817136556242 km
301,"(-28.827388, 117.012276)",S0033008,-28.7582878541768,116.945288994749,10.071056113295956 km
302,"(-28.847024, 117.032666)",S0033009,-28.7582878541768,116.945288994749,13.018673051130534 km
303,"(-18.438029, 127.489408)",S0001362,-18.4397457217715,127.489442323346,0.1900507113938716 km
304,"(-18.364941, 127.486)",S0002287,-18.4397457217715,127.489442323346,8.287747572219605 km
305,"(-18.31883, 127.543198)",S0005102,-18.4397457217715,127.489442323346,14.539227023682136 km
306,"(-18.364941, 127.486)",S0018738,-18.4397457217715,127.489442323346,8.287747572219605 km
307,"(-18.36684, 127.53437)",S0024078,-18.4397457217715,127.489442323346,9.362331521075 km
308,"(-21.589494, 122.204345)",S0029493,-21.7209506338837,122.19171777385,14.614187311013998 km
309,"(-25.540623, 119.328132)",S0223862,-25.447430912706,119.401990864763,12.7171858064853 km
310,"(-25.545412, 119.329808)",S0224795,-25.447430912706,119.401990864763,13.057033322658283 km
311,"(-25.540623, 119.328132)",S0225466,-25.447430912706,119.401990864763,12.7171858064853 km
312,"(-25.540623, 119.328132)",S0225668,-25.447430912706,119.401990864763,12.7171858064853 km
313,"(-25.54063, 119.328128)",S0225749,-25.447430912706,119.401990864763,12.718050047854835 km
314,"(-21.589494, 122.204345)",S0029493,-21.7219412067126,122.215319314519,14.709232263926115 km
315,"(-21.589494, 122.204345)",S0029493,-21.7169882798074,122.188143828116,14.216143890266673 km
316,"(-28.40897, 121.147797)",S0002897,-28.4903593,121.175882,9.430274208544843 km
317,"(-28.40897, 121.147797)",S0002898,-28.4903593,121.175882,9.430274208544843 km
318,"(-28.444611, 121.155098)",S0018933,-28.4903593,121.175882,5.4634705484586865 km
319,"(-28.444611, 121.155098)",S0019383,-28.4903593,121.175882,5.4634705484586865 km
320,"(-28.43095, 121.146103)",S0022300,-28.4903593,121.175882,7.201207590814632 km
321,"(-28.483949, 121.169987)",S0223460,-28.4903593,121.175882,0.9153670562143915 km
322,"(-28.478071, 121.158546)",S0224705,-28.4903593,121.175882,2.176300278051503 km
323,"(-28.483949, 121.169987)",S0229619,-28.4903593,121.175882,0.9153670562143915 km
324,"(-28.397473, 121.145223)",S0231974,-28.4903593,121.175882,10.723409696601333 km
325,"(-21.079196, 116.927548)",S0001501,-21.1048909948463,116.908767965711,3.449828642716949 km
326,"(-21.079069, 116.923897)",S0019518,-21.1048909948463,116.908767965711,3.2626502107726467 km
327,"(-21.066667, 116.936068)",S0022459,-21.1048909948463,116.908767965711,5.094884803979224 km
328,"(-21.079069, 116.923897)",S0023122,-21.1048909948463,116.908767965711,3.2626502107726467 km
329,"(-21.589494, 122.204345)",S0029493,-21.7230000848789,122.182629933376,14.95245702106432 km
330,"(-21.079196, 116.927548)",S0001501,-20.9909055641795,116.867929217776,11.574149121078246 km
331,"(-21.079069, 116.923897)",S0019518,-20.9909055641795,116.867929217776,11.363386706758693 km
332,"(-21.066667, 116.936068)",S0022459,-20.9909055641795,116.867929217776,10.978618669125241 km
333,"(-21.079069, 116.923897)",S0023122,-20.9909055641795,116.867929217776,11.363386706758693 km
334,"(-21.079196, 116.927548)",S0001501,-21.1424365683571,116.860233035108,9.896303055585594 km
335,"(-21.079069, 116.923897)",S0019518,-21.1424365683571,116.860233035108,9.642214262315477 km
336,"(-21.066667, 116.936068)",S0022459,-21.1424365683571,116.860233035108,11.508985759301876 km
337,"(-21.079069, 116.923897)",S0023122,-21.1424365683571,116.860233035108,9.642214262315477 km
338,"(-28.765087, 116.962407)",S0001256,-28.7849628401644,116.963467456366,2.205312899228011 km
339,"(-28.744567, 116.945103)",S0001257,-28.7849628401644,116.963467456366,4.822997837954085 km
340,"(-28.765087, 116.962407)",S0002039,-28.7849628401644,116.963467456366,2.205312899228011 km
341,"(-28.776882, 116.964949)",S0018874,-28.7849628401644,116.963467456366,0.9072250107183993 km
342,"(-28.767751, 116.959301)",S0018875,-28.7849628401644,116.963467456366,1.95052639288548 km
343,"(-28.74515, 116.943556)",S0019515,-28.7849628401644,116.963467456366,4.821992130667223 km
344,"(-28.774319, 116.963017)",S0020268,-28.7849628401644,116.963467456366,1.1804992672724377 km
345,"(-28.769453, 116.960083)",S0020269,-28.7849628401644,116.963467456366,1.750468159608153 km
346,"(-28.775338, 116.95315)",S0020270,-28.7849628401644,116.963467456366,1.4672683296587927 km
347,"(-28.827388, 117.012276)",S0033008,-28.7849628401644,116.963467456366,6.694174697155248 km
348,"(-28.847024, 117.032666)",S0033009,-28.7849628401644,116.963467456366,9.640345507691453 km
349,"(-23.715655, 119.281652)",S0002505,-23.7219266901866,119.287614206351,0.9231067634829978 km
350,"(-21.589494, 122.204345)",S0029493,-21.7184240535562,122.186276850338,14.397849115446176 km
351,"(-23.715655, 119.281652)",S0002505,-23.720803985668,119.287692918446,0.8394474341979625 km
352,"(-28.40897, 121.147797)",S0002897,-28.3676233537681,121.112904160133,5.71768026149451 km
353,"(-28.40897, 121.147797)",S0002898,-28.3676233537681,121.112904160133,5.71768026149451 km
354,"(-28.444611, 121.155098)",S0018933,-28.3676233537681,121.112904160133,9.481242526949847 km
355,"(-28.444611, 121.155098)",S0019383,-28.3676233537681,121.112904160133,9.481242526949847 km
356,"(-28.43095, 121.146103)",S0022300,-28.3676233537681,121.112904160133,7.735639026363432 km
357,"(-28.483949, 121.169987)",S0223460,-28.3676233537681,121.112904160133,14.052718336994001 km
358,"(-28.478071, 121.158546)",S0224705,-28.3676233537681,121.112904160133,13.031755901291293 km
359,"(-28.483949, 121.169987)",S0229619,-28.3676233537681,121.112904160133,14.052718336994001 km
360,"(-28.397473, 121.145223)",S0231974,-28.3676233537681,121.112904160133,4.580124152849085 km
361,"(-21.079196, 116.927548)",S0001501,-21.0766060416353,116.887538709109,4.167496976420904 km
362,"(-21.079069, 116.923897)",S0019518,-21.0766060416353,116.887538709109,3.78805088355092 km
363,"(-21.066667, 116.936068)",S0022459,-21.0766060416353,116.887538709109,5.1618598814540455 km
364,"(-21.079069, 116.923897)",S0023122,-21.0766060416353,116.887538709109,3.78805088355092 km
365,"(-21.589494, 122.204345)",S0029493,-21.7240107322643,122.19028082997,14.965428606948526 km
366,"(-23.715655, 119.281652)",S0002505,-23.7216150182074,119.287959467986,0.921636152782137 km
367,"(-25.540623, 119.328132)",S0223862,-25.5706186529883,119.244679411443,9.020614084685501 km
368,"(-25.545412, 119.329808)",S0224795,-25.5706186529883,119.244679411443,8.99874606873301 km
369,"(-25.540623, 119.328132)",S0225466,-25.5706186529883,119.244679411443,9.020614084685501 km
370,"(-25.540623, 119.328132)",S0225668,-25.5706186529883,119.244679411443,9.020614084685501 km
371,"(-25.54063, 119.328128)",S0225749,-25.5706186529883,119.244679411443,9.019954516543008 km
372,"(-28.40897, 121.147797)",S0002897,-28.3659906377359,121.116749981227,5.6521842814780445 km
373,"(-28.40897, 121.147797)",S0002898,-28.3659906377359,121.116749981227,5.6521842814780445 km
374,"(-28.444611, 121.155098)",S0018933,-28.3659906377359,121.116749981227,9.488962363438896 km
375,"(-28.444611, 121.155098)",S0019383,-28.3659906377359,121.116749981227,9.488962363438896 km
376,"(-28.43095, 121.146103)",S0022300,-28.3659906377359,121.116749981227,7.752586918789193 km
377,"(-28.483949, 121.169987)",S0223460,-28.3659906377359,121.116749981227,14.074983032409873 km
378,"(-28.478071, 121.158546)",S0224705,-28.3659906377359,121.116749981227,13.079048288183968 km
379,"(-28.483949, 121.169987)",S0229619,-28.3659906377359,121.116749981227,14.074983032409873 km
380,"(-28.397473, 121.145223)",S0231974,-28.3659906377359,121.116749981227,4.467846276159996 km
381,"(-21.589494, 122.204345)",S0029493,-21.6017789763514,122.067418065047,14.244200047897165 km
382,"(-21.079196, 116.927548)",S0001501,-20.9842309243329,116.870839195476,12.053996964807792 km
383,"(-21.079069, 116.923897)",S0019518,-20.9842309243329,116.870839195476,11.860568359291864 km
384,"(-21.066667, 116.936068)",S0022459,-20.9842309243329,116.870839195476,11.370229450731305 km
385,"(-21.079069, 116.923897)",S0023122,-20.9842309243329,116.870839195476,11.860568359291864 km
386,"(-27.139858, 118.513817)",S0025428,-27.0813111875349,118.623736513764,12.683885498842546 km
387,"(-20.757111, 117.704498)",S0001443,-20.8071255903245,117.632509072466,9.319059791952865 km
388,"(-21.589494, 122.204345)",S0029493,-21.7191761686825,122.186353930509,14.47939768475779 km
389,"(-28.40897, 121.147797)",S0002897,-28.372309931953,121.119503207934,4.918956800627085 km
390,"(-28.40897, 121.147797)",S0002898,-28.372309931953,121.119503207934,4.918956800627085 km
391,"(-28.444611, 121.155098)",S0018933,-28.372309931953,121.119503207934,8.739047753966005 km
392,"(-28.444611, 121.155098)",S0019383,-28.372309931953,121.119503207934,8.739047753966005 km
393,"(-28.43095, 121.146103)",S0022300,-28.372309931953,121.119503207934,7.002107975226399 km
394,"(-28.483949, 121.169987)",S0223460,-28.372309931953,121.119503207934,13.32449556079559 km
395,"(-28.478071, 121.158546)",S0224705,-28.372309931953,121.119503207934,12.329484161945281 km
396,"(-28.483949, 121.169987)",S0229619,-28.372309931953,121.119503207934,13.32449556079559 km
397,"(-28.397473, 121.145223)",S0231974,-28.372309931953,121.119503207934,3.759170669929485 km
398,"(-23.715655, 119.281652)",S0002505,-23.7333377108988,119.333523046512,5.640083140447412 km
399,"(-22.67894, 115.55592)",S0023817,-22.7818729717141,115.542657356808,11.479953559570939 km
400,"(-22.8552, 115.424049)",S0030829,-22.7818729717141,115.542657356808,14.63558537832291 km
401,"(-23.715655, 119.281652)",S0002505,-23.721886198161,119.287999354897,0.9461575746015777 km
402,"(-28.40897, 121.147797)",S0002897,-28.3799643722383,121.127634420016,3.773313967699756 km
403,"(-28.40897, 121.147797)",S0002898,-28.3799643722383,121.127634420016,3.773313967699756 km
404,"(-28.444611, 121.155098)",S0018933,-28.3799643722383,121.127634420016,7.653244134473229 km
405,"(-28.444611, 121.155098)",S0019383,-28.3799643722383,121.127634420016,7.653244134473229 km
406,"(-28.43095, 121.146103)",S0022300,-28.3799643722383,121.127634420016,5.933276021306129 km
407,"(-28.483949, 121.169987)",S0223460,-28.3799643722383,121.127634420016,12.248416335775037 km
408,"(-28.478071, 121.158546)",S0224705,-28.3799643722383,121.127634420016,11.286675654935333 km
409,"(-28.483949, 121.169987)",S0229619,-28.3799643722383,121.127634420016,12.248416335775037 km
410,"(-28.397473, 121.145223)",S0231974,-28.3799643722383,121.127634420016,2.595506987715271 km
411,"(-22.67894, 115.55592)",S0023817,-22.7794575431282,115.536735851818,11.304439713800656 km
412,"(-22.8552, 115.424049)",S0030829,-22.7794575431282,115.536735851818,14.289304399728316 km
413,"(-20.757111, 117.704498)",S0001443,-20.8073531021574,117.632067995664,9.370963552442342 km
414,"(-28.40897, 121.147797)",S0002897,-28.4890010862173,121.173477215657,9.219369923382333 km
415,"(-28.40897, 121.147797)",S0002898,-28.4890010862173,121.173477215657,9.219369923382333 km
416,"(-28.444611, 121.155098)",S0018933,-28.4890010862173,121.173477215657,5.238562684832437 km
417,"(-28.444611, 121.155098)",S0019383,-28.4890010862173,121.173477215657,5.238562684832437 km
418,"(-28.43095, 121.146103)",S0022300,-28.4890010862173,121.173477215657,6.969904804035704 km
419,"(-28.483949, 121.169987)",S0223460,-28.4890010862173,121.173477215657,0.6559660682788757 km
420,"(-28.478071, 121.158546)",S0224705,-28.4890010862173,121.173477215657,1.8986774321145592 km
421,"(-28.483949, 121.169987)",S0229619,-28.4890010862173,121.173477215657,0.6559660682788757 km
422,"(-28.397473, 121.145223)",S0231974,-28.4890010862173,121.173477215657,10.514548318799896 km
423,"(-21.079196, 116.927548)",S0001501,-21.0778706796977,116.887027529174,4.2132779652781 km
424,"(-21.079069, 116.923897)",S0019518,-21.0778706796977,116.887027529174,3.833623113889285 km
425,"(-21.066667, 116.936068)",S0022459,-21.0778706796977,116.887027529174,5.245090747930006 km
426,"(-21.079069, 116.923897)",S0023122,-21.0778706796977,116.887027529174,3.833623113889285 km
427,"(-21.079196, 116.927548)",S0001501,-21.0763145529422,116.884044378756,4.53198521481839 km
428,"(-21.079069, 116.923897)",S0019518,-21.0763145529422,116.884044378756,4.1525587146255925 km
429,"(-21.066667, 116.936068)",S0022459,-21.0763145529422,116.884044378756,5.510847461105478 km
430,"(-21.079069, 116.923897)",S0023122,-21.0763145529422,116.884044378756,4.1525587146255925 km
431,"(-22.67894, 115.55592)",S0023817,-22.7816152127841,115.542786326066,11.450042851987629 km
432,"(-22.8552, 115.424049)",S0030829,-22.7816152127841,115.542786326066,14.66245660603328 km
433,"(-27.139858, 118.513817)",S0025428,-27.1389232369989,118.514168562484,0.10928319359527051 km
434,"(-23.715655, 119.281652)",S0002505,-23.7106369455693,119.270947120302,1.2249739039928507 km
435,"(-28.40897, 121.147797)",S0002897,-28.3669378321259,121.116863954395,5.55789980920648 km
436,"(-28.40897, 121.147797)",S0002898,-28.3669378321259,121.116863954395,5.55789980920648 km
437,"(-28.444611, 121.155098)",S0018933,-28.3669378321259,121.116863954395,9.38819411197345 km
438,"(-28.444611, 121.155098)",S0019383,-28.3669378321259,121.116863954395,9.38819411197345 km
439,"(-28.43095, 121.146103)",S0022300,-28.3669378321259,121.116863954395,7.65101149561335 km
440,"(-28.483949, 121.169987)",S0223460,-28.3669378321259,121.116863954395,13.973366145520544 km
441,"(-28.478071, 121.158546)",S0224705,-28.3669378321259,121.116863954395,12.975870169085997 km
442,"(-28.483949, 121.169987)",S0229619,-28.3669378321259,121.116863954395,13.973366145520544 km
443,"(-28.397473, 121.145223)",S0231974,-28.3669378321259,121.116863954395,4.379253620692838 km
444,"(-23.715655, 119.281652)",S0002505,-23.7106561581851,119.270929804559,1.2255849779294905 km
445,"(-23.715655, 119.281652)",S0002505,-23.7122560300237,119.272210571112,1.0337727396376175 km
446,"(-21.589494, 122.204345)",S0029493,-21.7189951538369,122.185110152563,14.476665550544176 km
447,"(-21.589494, 122.204345)",S0029493,-21.7151396193712,122.182815981436,14.089543454690764 km
448,"(-18.438029, 127.489408)",S0001362,-18.4402867001375,127.489551563113,0.2503543440470961 km
449,"(-18.364941, 127.486)",S0002287,-18.4402867001375,127.489551563113,8.348079606594334 km
450,"(-18.31883, 127.543198)",S0005102,-18.4402867001375,127.489551563113,14.58987161550289 km
451,"(-18.364941, 127.486)",S0018738,-18.4402867001375,127.489551563113,8.348079606594334 km
452,"(-18.36684, 127.53437)",S0024078,-18.4402867001375,127.489551563113,9.408171970903044 km
453,"(-21.589494, 122.204345)",S0029493,-21.5582979401822,122.122512936429,9.152033616797254 km
454,"(-21.589494, 122.204345)",S0029493,-21.5892691753284,122.087464636672,12.103779087260701 km
455,"(-28.40897, 121.147797)",S0002897,-28.370020968363,121.118086951417,5.206823043945351 km
456,"(-28.40897, 121.147797)",S0002898,-28.370020968363,121.118086951417,5.206823043945351 km
457,"(-28.444611, 121.155098)",S0018933,-28.370020968363,121.118086951417,9.027083966264485 km
458,"(-28.444611, 121.155098)",S0019383,-28.370020968363,121.118086951417,9.027083966264485 km
459,"(-28.43095, 121.146103)",S0022300,-28.370020968363,121.118086951417,7.289308103058762 km
460,"(-28.483949, 121.169987)",S0223460,-28.370020968363,121.118086951417,13.611615254664057 km
461,"(-28.478071, 121.158546)",S0224705,-28.370020968363,121.118086951417,12.613815960129326 km
462,"(-28.483949, 121.169987)",S0229619,-28.370020968363,121.118086951417,13.611615254664057 km
463,"(-28.397473, 121.145223)",S0231974,-28.370020968363,121.118086951417,4.041015177468435 km
464,"(-28.40897, 121.147797)",S0002897,-28.4894259702945,121.171767780362,9.220627119077882 km
465,"(-28.40897, 121.147797)",S0002898,-28.4894259702945,121.171767780362,9.220627119077882 km
466,"(-28.444611, 121.155098)",S0018933,-28.4894259702945,121.171767780362,5.228136948906144 km
467,"(-28.444611, 121.155098)",S0019383,-28.4894259702945,121.171767780362,5.228136948906144 km
468,"(-28.43095, 121.146103)",S0022300,-28.4894259702945,121.171767780362,6.951111602468931 km
469,"(-28.483949, 121.169987)",S0223460,-28.4894259702945,121.171767780362,0.6315462896606295 km
470,"(-28.478071, 121.158546)",S0224705,-28.4894259702945,121.171767780362,1.8054999904359923 km
471,"(-28.483949, 121.169987)",S0229619,-28.4894259702945,121.171767780362,0.6315462896606295 km
472,"(-28.397473, 121.145223)",S0231974,-28.4894259702945,121.171767780362,10.51733674564408 km
473,"(-23.715655, 119.281652)",S0002505,-23.7222619195017,119.287452295595,0.9408932064679991 km
474,"(-28.40897, 121.147797)",S0002897,-28.319988327458,121.062681200285,12.917695091027802 km
475,"(-28.40897, 121.147797)",S0002898,-28.319988327458,121.062681200285,12.917695091027802 km
476,"(-28.43095, 121.146103)",S0022300,-28.319988327458,121.062681200285,14.767784871469477 km
477,"(-28.397473, 121.145223)",S0231974,-28.319988327458,121.062681200285,11.799159222111165 km
478,"(-23.715655, 119.281652)",S0002505,-23.7216262041431,119.288271751349,0.9450013298884868 km
479,"(-21.079196, 116.927548)",S0001501,-21.0646626677853,116.876872334786,5.5065868309009085 km
480,"(-21.079069, 116.923897)",S0019518,-21.0646626677853,116.876872334786,5.1405496772193455 km
481,"(-21.066667, 116.936068)",S0022459,-21.0646626677853,116.876872334786,6.155902431165547 km
482,"(-21.079069, 116.923897)",S0023122,-21.0646626677853,116.876872334786,5.1405496772193455 km
483,"(-28.40897, 121.147797)",S0002897,-28.4829426291861,121.172239014192,8.540589395219879 km
484,"(-28.40897, 121.147797)",S0002898,-28.4829426291861,121.172239014192,8.540589395219879 km
485,"(-28.444611, 121.155098)",S0018933,-28.4829426291861,121.172239014192,4.567845832836267 km
486,"(-28.444611, 121.155098)",S0019383,-28.4829426291861,121.172239014192,4.567845832836267 km
487,"(-28.43095, 121.146103)",S0022300,-28.4829426291861,121.172239014192,6.305204522529316 km
488,"(-28.483949, 121.169987)",S0223460,-28.4829426291861,121.172239014192,0.2471172388078449 km
489,"(-28.478071, 121.158546)",S0224705,-28.4829426291861,121.172239014192,1.445467817318342 km
490,"(-28.483949, 121.169987)",S0229619,-28.4829426291861,121.172239014192,0.2471172388078449 km
491,"(-28.397473, 121.145223)",S0231974,-28.4829426291861,121.172239014192,9.83505956974431 km
492,"(-21.589494, 122.204345)",S0029493,-21.7221212283154,122.182225244578,14.862653676614885 km
493,"(-27.139858, 118.513817)",S0025428,-27.1388974263085,118.513799848482,0.10645063603924065 km
494,"(-25.540623, 119.328132)",S0223862,-25.5777231131079,119.244508001011,9.354494803053726 km
495,"(-25.545412, 119.329808)",S0224795,-25.5777231131079,119.244508001011,9.28886682819456 km
496,"(-25.540623, 119.328132)",S0225466,-25.5777231131079,119.244508001011,9.354494803053726 km
497,"(-25.540623, 119.328132)",S0225668,-25.5777231131079,119.244508001011,9.354494803053726 km
498,"(-25.54063, 119.328128)",S0225749,-25.5777231131079,119.244508001011,9.353792809247022 km
499,"(-28.765087, 116.962407)",S0001256,-28.7752579862716,116.953804625648,1.4058551232588563 km
500,"(-28.744567, 116.945103)",S0001257,-28.7752579862716,116.953804625648,3.5060900511867885 km
501,"(-28.765087, 116.962407)",S0002039,-28.7752579862716,116.953804625648,1.4058551232588563 km
502,"(-28.776882, 116.964949)",S0018874,-28.7752579862716,116.953804625648,1.1030127727130805 km
503,"(-28.767751, 116.959301)",S0018875,-28.7752579862716,116.953804625648,0.9901169345516773 km
504,"(-28.74515, 116.943556)",S0019515,-28.7752579862716,116.953804625648,3.483802087488166 km
505,"(-28.774319, 116.963017)",S0020268,-28.7752579862716,116.953804625648,0.9055822686481116 km
506,"(-28.769453, 116.960083)",S0020269,-28.7752579862716,116.953804625648,0.888717807626943 km
507,"(-28.775338, 116.95315)",S0020270,-28.7752579862716,116.953804625648,0.06453567209190869 km
508,"(-28.827388, 117.012276)",S0033008,-28.7752579862716,116.953804625648,8.121939076997409 km
509,"(-28.847024, 117.032666)",S0033009,-28.7752579862716,116.953804625648,11.069191880014612 km
510,"(-28.40897, 121.147797)",S0002897,-28.4840010569159,121.174886168884,8.728547695076234 km
511,"(-28.40897, 121.147797)",S0002898,-28.4840010569159,121.174886168884,8.728547695076234 km
512,"(-28.444611, 121.155098)",S0018933,-28.4840010569159,121.174886168884,4.776321540593567 km
513,"(-28.444611, 121.155098)",S0019383,-28.4840010569159,121.174886168884,4.776321540593567 km
514,"(-28.43095, 121.146103)",S0022300,-28.4840010569159,121.174886168884,6.520410109599162 km
515,"(-28.483949, 121.169987)",S0223460,-28.4840010569159,121.174886168884,0.479755920973866 km
516,"(-28.478071, 121.158546)",S0224705,-28.4840010569159,121.174886168884,1.7297703983354278 km
517,"(-28.483949, 121.169987)",S0229619,-28.4840010569159,121.174886168884,0.479755920973866 km
518,"(-28.397473, 121.145223)",S0231974,-28.4840010569159,121.174886168884,10.020184540464125 km
519,"(-21.589494, 122.204345)",S0029493,-21.7163437287206,122.189813266614,14.125831261810418 km
520,"(-23.715655, 119.281652)",S0002505,-23.7222418002712,119.288390919475,1.0022008865328964 km
521,"(-21.589494, 122.204345)",S0029493,-21.7209791854589,122.192626353109,14.609226928915701 km
522,"(-28.40897, 121.147797)",S0002897,-28.48782172,121.1744037,9.119216389913166 km
523,"(-28.40897, 121.147797)",S0002898,-28.48782172,121.1744037,9.119216389913166 km
524,"(-28.444611, 121.155098)",S0018933,-28.48782172,121.1744037,5.148639281497004 km
525,"(-28.444611, 121.155098)",S0019383,-28.48782172,121.1744037,5.148639281497004 km
526,"(-28.43095, 121.146103)",S0022300,-28.48782172,121.1744037,6.885471107512788 km
527,"(-28.483949, 121.169987)",S0223460,-28.48782172,121.1744037,0.6092997984935176 km
528,"(-28.478071, 121.158546)",S0224705,-28.48782172,121.1744037,1.8918066044465833 km
529,"(-28.483949, 121.169987)",S0229619,-28.48782172,121.1744037,0.6092997984935176 km
530,"(-28.397473, 121.145223)",S0231974,-28.48782172,121.1744037,10.413059160899858 km
531,"(-28.40897, 121.147797)",S0002897,-28.3667194297862,121.114364172778,5.715057340280564 km
532,"(-28.40897, 121.147797)",S0002898,-28.3667194297862,121.114364172778,5.715057340280564 km
533,"(-28.444611, 121.155098)",S0018933,-28.3667194297862,121.114364172778,9.510574358338102 km
534,"(-28.444611, 121.155098)",S0019383,-28.3667194297862,121.114364172778,9.510574358338102 km
535,"(-28.43095, 121.146103)",S0022300,-28.3667194297862,121.114364172778,7.768260698535371 km
536,"(-28.483949, 121.169987)",S0223460,-28.3667194297862,121.114364172778,14.088743192039509 km
537,"(-28.478071, 121.158546)",S0224705,-28.3667194297862,121.114364172778,13.077860745285765 km
538,"(-28.483949, 121.169987)",S0229619,-28.3667194297862,121.114364172778,14.088743192039509 km
539,"(-28.397473, 121.145223)",S0231974,-28.3667194297862,121.114364172778,4.556791656860125 km
540,"(-27.139858, 118.513817)",S0025428,-27.0821703521784,118.622811083595,12.55635470151675 km
541,"(-23.715655, 119.281652)",S0002505,-23.7240300675219,119.290605861209,1.301545989896025 km
542,"(-27.139858, 118.513817)",S0025428,-27.1392706101844,118.513705394455,0.06601978710111384 km
543,"(-28.40897, 121.147797)",S0002897,-28.49242019,121.1768067,9.67517760512566 km
544,"(-28.40897, 121.147797)",S0002898,-28.49242019,121.1768067,9.67517760512566 km
545,"(-28.444611, 121.155098)",S0018933,-28.49242019,121.1768067,5.709161821300118 km
546,"(-28.444611, 121.155098)",S0019383,-28.49242019,121.1768067,5.709161821300118 km
547,"(-28.43095, 121.146103)",S0022300,-28.49242019,121.1768067,7.44671381676774 km
548,"(-28.483949, 121.169987)",S0223460,-28.49242019,121.1768067,1.1520900223823904 km
549,"(-28.478071, 121.158546)",S0224705,-28.49242019,121.1768067,2.3929285636010147 km
550,"(-28.483949, 121.169987)",S0229619,-28.49242019,121.1768067,1.1520900223823904 km
551,"(-28.397473, 121.145223)",S0231974,-28.49242019,121.1768067,10.968056146640642 km
552,"(-23.715655, 119.281652)",S0002505,-23.7282362627737,119.299549143396,2.2961078102063746 km
553,"(-28.827388, 117.012276)",S0033008,-28.8887923772305,117.087309218306,9.995786087799853 km
554,"(-28.847024, 117.032666)",S0033009,-28.8887923772305,117.087309218306,7.060575878549661 km
555,"(-27.139858, 118.513817)",S0025428,-27.0625256943389,118.621609053414,13.699838829919509 km
556,"(-21.589494, 122.204345)",S0029493,-21.7209907692258,122.192111539446,14.61502571234845 km
557,"(-28.40897, 121.147797)",S0002897,-28.3705128804238,121.119359573313,5.092397958357743 km
558,"(-28.40897, 121.147797)",S0002898,-28.3705128804238,121.119359573313,5.092397958357743 km
559,"(-28.444611, 121.155098)",S0018933,-28.3705128804238,121.119359573313,8.927534166061259 km
560,"(-28.444611, 121.155098)",S0019383,-28.3705128804238,121.119359573313,8.927534166061259 km
561,"(-28.43095, 121.146103)",S0022300,-28.3705128804238,121.119359573313,7.1924599514968826 km
562,"(-28.483949, 121.169987)",S0223460,-28.3705128804238,121.119359573313,13.51480187135723 km
563,"(-28.478071, 121.158546)",S0224705,-28.3705128804238,121.119359573313,12.523285498637557 km
564,"(-28.483949, 121.169987)",S0229619,-28.3705128804238,121.119359573313,13.51480187135723 km
565,"(-28.397473, 121.145223)",S0231974,-28.3705128804238,121.119359573313,3.9183037603524444 km
566,"(-21.589494, 122.204345)",S0029493,-21.5856643264488,122.087458415643,12.111972597515239 km
567,"(-21.079196, 116.927548)",S0001501,-20.9981458902008,116.86919100795,10.831485175111847 km
568,"(-21.079069, 116.923897)",S0019518,-20.9981458902008,116.86919100795,10.611739219983313 km
569,"(-21.066667, 116.936068)",S0022459,-20.9981458902008,116.86919100795,10.289859009755999 km
570,"(-21.079069, 116.923897)",S0023122,-20.9981458902008,116.86919100795,10.611739219983313 km
571,"(-28.40897, 121.147797)",S0002897,-28.38961612,121.137424,2.373596946446739 km
572,"(-28.40897, 121.147797)",S0002898,-28.38961612,121.137424,2.373596946446739 km
573,"(-28.444611, 121.155098)",S0018933,-28.38961612,121.137424,6.336110893426676 km
574,"(-28.444611, 121.155098)",S0019383,-28.38961612,121.137424,6.336110893426676 km
575,"(-28.43095, 121.146103)",S0022300,-28.38961612,121.137424,4.65914382144721 km
576,"(-28.483949, 121.169987)",S0223460,-28.38961612,121.137424,10.93042262845169 km
577,"(-28.478071, 121.158546)",S0224705,-28.38961612,121.137424,10.019145804356073 km
578,"(-28.483949, 121.169987)",S0229619,-28.38961612,121.137424,10.93042262845169 km
579,"(-28.397473, 121.145223)",S0231974,-28.38961612,121.137424,1.1586116723622608 km
580,"(-23.715655, 119.281652)",S0002505,-23.7270250935224,119.295395713938,1.884101993531088 km
581,"(-18.438029, 127.489408)",S0001362,-18.4393532769399,127.489570910596,0.1475850399012613 km
582,"(-18.364941, 127.486)",S0002287,-18.4393532769399,127.489570910596,8.244962323676488 km
583,"(-18.31883, 127.543198)",S0005102,-18.4393532769399,127.489570910596,14.49393581788631 km
584,"(-18.364941, 127.486)",S0018738,-18.4393532769399,127.489570910596,8.244962323676488 km
585,"(-18.36684, 127.53437)",S0024078,-18.4393532769399,127.489570910596,9.318010871179633 km
586,"(-28.40897, 121.147797)",S0002897,-28.3677297100578,121.118381219728,5.403771798032997 km
587,"(-28.40897, 121.147797)",S0002898,-28.3677297100578,121.118381219728,5.403771798032997 km
588,"(-28.444611, 121.155098)",S0018933,-28.3677297100578,121.118381219728,9.248941061515698 km
589,"(-28.444611, 121.155098)",S0019383,-28.3677297100578,121.118381219728,9.248941061515698 km
590,"(-28.43095, 121.146103)",S0022300,-28.3677297100578,121.118381219728,7.514683651727426 km
591,"(-28.483949, 121.169987)",S0223460,-28.3677297100578,121.118381219728,13.836946791563319 km
592,"(-28.478071, 121.158546)",S0224705,-28.3677297100578,121.118381219728,12.846281152793619 km
593,"(-28.483949, 121.169987)",S0229619,-28.3677297100578,121.118381219728,13.836946791563319 km
594,"(-28.397473, 121.145223)",S0231974,-28.3677297100578,121.118381219728,4.217458268231964 km
595,"(-21.079196, 116.927548)",S0001501,-21.0773196392652,116.887220483959,4.195824839741754 km
596,"(-21.079069, 116.923897)",S0019518,-21.0773196392652,116.887220483959,3.816200809592736 km
597,"(-21.066667, 116.936068)",S0022459,-21.0773196392652,116.887220483959,5.211473427465505 km
598,"(-21.079069, 116.923897)",S0023122,-21.0773196392652,116.887220483959,3.816200809592736 km
599,"(-23.715655, 119.281652)",S0002505,-23.7233874686464,119.289904933677,1.200687654869144 km
600,"(-21.589494, 122.204345)",S0029493,-21.7216456861424,122.184207943513,14.780294026836721 km
601,"(-21.079196, 116.927548)",S0001501,-20.9920271822147,116.867146970578,11.513584615690874 km
602,"(-21.079069, 116.923897)",S0019518,-20.9920271822147,116.867146970578,11.29911816508501 km
603,"(-21.066667, 116.936068)",S0022459,-20.9920271822147,116.867146970578,10.93710785416371 km
604,"(-21.079069, 116.923897)",S0023122,-20.9920271822147,116.867146970578,11.29911816508501 km
605,"(-17.260722, 124.728005)",S0001542,-17.1743185378623,124.628348211897,14.27563361610135 km
606,"(-17.17425, 124.633202)",S0002896,-17.1743185378623,124.628348211897,0.5164352594567775 km
607,"(-17.260722, 124.727978)",S0017161,-17.1743185378623,124.628348211897,14.273501437524974 km
608,"(-17.260736, 124.727992)",S0018712,-17.1743185378623,124.628348211897,14.27564466264513 km
609,"(-17.2578, 124.73173)",S0025061,-17.1743185378623,124.628348211897,14.362162340820628 km
610,"(-23.715655, 119.281652)",S0002505,-23.7226592142689,119.289045275356,1.0817350601689137 km
611,"(-27.139858, 118.513817)",S0025428,-27.1389282710371,118.514555359353,0.1263744829950603 km
612,"(-28.40897, 121.147797)",S0002897,-28.4832442851047,121.172204566257,8.5717430105679 km
613,"(-28.40897, 121.147797)",S0002898,-28.4832442851047,121.172204566257,8.5717430105679 km
614,"(-28.444611, 121.155098)",S0018933,-28.4832442851047,121.172204566257,4.59772302366742 km
615,"(-28.444611, 121.155098)",S0019383,-28.4832442851047,121.172204566257,4.59772302366742 km
616,"(-28.43095, 121.146103)",S0022300,-28.4832442851047,121.172204566257,6.334407614679757 km
617,"(-28.483949, 121.169987)",S0223460,-28.4832442851047,121.172204566257,0.23076112966720755 km
618,"(-28.478071, 121.158546)",S0224705,-28.4832442851047,121.172204566257,1.4551822633801166 km
619,"(-28.483949, 121.169987)",S0229619,-28.4832442851047,121.172204566257,0.23076112966720755 km
620,"(-28.397473, 121.145223)",S0231974,-28.4832442851047,121.172204566257,9.86635676360371 km
621,"(-21.589494, 122.204345)",S0029493,-21.7183881907183,122.18633264466,14.393162566626117 km
622,"(-21.589494, 122.204345)",S0029493,-21.7209512429005,122.19173149966,14.614127476373977 km
623,"(-21.589494, 122.204345)",S0029493,-21.7225895764095,122.205679522325,14.737743094284083 km
624,"(-21.589494, 122.204345)",S0029493,-21.7161467198275,122.189357067,14.10925582484105 km
625,"(-27.139858, 118.513817)",S0025428,-27.1392824123457,118.514075736994,0.06874272892631555 km
626,"(-23.715655, 119.281652)",S0002505,-23.6895028519138,119.237457057961,5.35762904119453 km
627,"(-21.079196, 116.927548)",S0001501,-20.9877479788039,116.871809920742,11.66540898003099 km
628,"(-21.079069, 116.923897)",S0019518,-20.9877479788039,116.871809920742,11.469247818038454 km
629,"(-21.066667, 116.936068)",S0022459,-20.9877479788039,116.871809920742,10.998466697708919 km
630,"(-21.079069, 116.923897)",S0023122,-20.9877479788039,116.871809920742,11.469247818038454 km
631,"(-28.765087, 116.962407)",S0001256,-28.7840944695718,116.962339394929,2.106647253556375 km
632,"(-28.744567, 116.945103)",S0001257,-28.7840944695718,116.962339394929,4.693163963171842 km
633,"(-28.765087, 116.962407)",S0002039,-28.7840944695718,116.962339394929,2.106647253556375 km
634,"(-28.776882, 116.964949)",S0018874,-28.7840944695718,116.962339394929,0.8390038156742077 km
635,"(-28.767751, 116.959301)",S0018875,-28.7840944695718,116.962339394929,1.835518278553827 km
636,"(-28.74515, 116.943556)",S0019515,-28.7840944695718,116.962339394929,4.689908863172634 km
637,"(-28.774319, 116.963017)",S0020268,-28.7840944695718,116.962339394929,1.0854545699221678 km
638,"(-28.769453, 116.960083)",S0020269,-28.7840944695718,116.962339394929,1.6376343355848542 km
639,"(-28.775338, 116.95315)",S0020270,-28.7840944695718,116.962339394929,1.3217442058483844 km
640,"(-28.827388, 117.012276)",S0033008,-28.7840944695718,116.962339394929,6.8401785645515245 km
641,"(-28.847024, 117.032666)",S0033009,-28.7840944695718,116.962339394929,9.786191414955287 km
642,"(-25.540623, 119.328132)",S0223862,-25.5401864372628,119.327509652893,0.07906497313842223 km
643,"(-25.545412, 119.329808)",S0224795,-25.5401864372628,119.327509652893,0.6232761274839248 km
644,"(-25.540623, 119.328132)",S0225466,-25.5401864372628,119.327509652893,0.07906497313842223 km
645,"(-25.540623, 119.328132)",S0225668,-25.5401864372628,119.327509652893,0.07906497313842223 km
646,"(-25.54063, 119.328128)",S0225749,-25.5401864372628,119.327509652893,0.07922593864770519 km
647,"(-28.40897, 121.147797)",S0002897,-28.44460688,121.1604748,4.140207877586704 km
648,"(-28.40897, 121.147797)",S0002898,-28.44460688,121.1604748,4.140207877586704 km
649,"(-28.444611, 121.155098)",S0018933,-28.44460688,121.1604748,0.526685675700109 km
650,"(-28.444611, 121.155098)",S0019383,-28.44460688,121.1604748,0.526685675700109 km
651,"(-28.43095, 121.146103)",S0022300,-28.44460688,121.1604748,2.0671120300027517 km
652,"(-28.483949, 121.169987)",S0223460,-28.44460688,121.1604748,4.458580521687416 km
653,"(-28.478071, 121.158546)",S0224705,-28.44460688,121.1604748,3.713533611805708 km
654,"(-28.483949, 121.169987)",S0229619,-28.44460688,121.1604748,4.458580521687416 km
655,"(-28.397473, 121.145223)",S0231974,-28.44460688,121.1604748,5.433208666084287 km
656,"(-28.40897, 121.147797)",S0002897,-28.4754207394674,121.165828025088,7.573357047945026 km
657,"(-28.40897, 121.147797)",S0002898,-28.4754207394674,121.165828025088,7.573357047945026 km
658,"(-28.444611, 121.155098)",S0018933,-28.4754207394674,121.165828025088,3.5726110467269665 km
659,"(-28.444611, 121.155098)",S0019383,-28.4754207394674,121.165828025088,3.5726110467269665 km
660,"(-28.43095, 121.146103)",S0022300,-28.4754207394674,121.165828025088,5.293701394204699 km
661,"(-28.483949, 121.169987)",S0223460,-28.4754207394674,121.165828025088,1.029171353092386 km
662,"(-28.478071, 121.158546)",S0224705,-28.4754207394674,121.165828025088,0.771218848313241 km
663,"(-28.483949, 121.169987)",S0229619,-28.4754207394674,121.165828025088,1.029171353092386 km
664,"(-28.397473, 121.145223)",S0231974,-28.4754207394674,121.165828025088,8.871368570080294 km
665,"(-23.715655, 119.281652)",S0002505,-23.7244336741369,119.291084960604,1.367677658099548 km
666,"(-18.438029, 127.489408)",S0001362,-18.4388922900029,127.489732777074,0.10152654591319549 km
667,"(-18.364941, 127.486)",S0002287,-18.4388922900029,127.489732777074,8.194796955206053 km
668,"(-18.31883, 127.543198)",S0005102,-18.4388922900029,127.489732777074,14.440288615309772 km
669,"(-18.364941, 127.486)",S0018738,-18.4388922900029,127.489732777074,8.194796955206053 km
670,"(-18.36684, 127.53437)",S0024078,-18.4388922900029,127.489732777074,9.265382097796488 km
671,"(-28.40897, 121.147797)",S0002897,-28.3673249955691,121.117478737585,5.48913531476192 km
672,"(-28.40897, 121.147797)",S0002898,-28.3673249955691,121.117478737585,5.48913531476192 km
673,"(-28.444611, 121.155098)",S0018933,-28.3673249955691,121.117478737585,9.324885120858621 km
674,"(-28.444611, 121.155098)",S0019383,-28.3673249955691,121.117478737585,9.324885120858621 km
675,"(-28.43095, 121.146103)",S0022300,-28.3673249955691,121.117478737585,7.588766167270758 km
676,"(-28.483949, 121.169987)",S0223460,-28.3673249955691,121.117478737585,13.911165372938267 km
677,"(-28.478071, 121.158546)",S0224705,-28.3673249955691,121.117478737585,12.916257592385952 km
678,"(-28.483949, 121.169987)",S0229619,-28.3673249955691,121.117478737585,13.911165372938267 km
679,"(-28.397473, 121.145223)",S0231974,-28.3673249955691,121.117478737585,4.307891703560814 km
680,"(-21.589494, 122.204345)",S0029493,-21.7219412339749,122.215319348211,14.709235542886647 km
681,"(-27.139858, 118.513817)",S0025428,-27.0612912802698,118.627357396077,14.232404040303566 km
682,"(-28.40897, 121.147797)",S0002897,-28.3702459412513,121.116048008462,5.300943055593238 km
683,"(-28.40897, 121.147797)",S0002898,-28.3702459412513,121.116048008462,5.300943055593238 km
684,"(-28.444611, 121.155098)",S0018933,-28.3702459412513,121.116048008462,9.086568732377886 km
685,"(-28.444611, 121.155098)",S0019383,-28.3702459412513,121.116048008462,9.086568732377886 km
686,"(-28.43095, 121.146103)",S0022300,-28.3702459412513,121.116048008462,7.344041731560181 km
687,"(-28.483949, 121.169987)",S0223460,-28.3702459412513,121.116048008462,13.664492346974463 km
688,"(-28.478071, 121.158546)",S0224705,-28.3702459412513,121.116048008462,12.654462336600538 km
689,"(-28.483949, 121.169987)",S0229619,-28.3702459412513,121.116048008462,13.664492346974463 km
690,"(-28.397473, 121.145223)",S0231974,-28.3702459412513,121.116048008462,4.15711840497451 km
691,"(-28.40897, 121.147797)",S0002897,-28.40610007,121.1457293,0.37711526373120735 km
692,"(-28.40897, 121.147797)",S0002898,-28.40610007,121.1457293,0.37711526373120735 km
693,"(-28.444611, 121.155098)",S0018933,-28.40610007,121.1457293,4.365609244274072 km
694,"(-28.444611, 121.155098)",S0019383,-28.40610007,121.1457293,4.365609244274072 km
695,"(-28.43095, 121.146103)",S0022300,-28.40610007,121.1457293,2.7542675172863036 km
696,"(-28.483949, 121.169987)",S0223460,-28.40610007,121.1457293,8.948965147868517 km
697,"(-28.478071, 121.158546)",S0224705,-28.40610007,121.1457293,8.07449916876659 km
698,"(-28.483949, 121.169987)",S0229619,-28.40610007,121.1457293,8.948965147868517 km
699,"(-28.397473, 121.145223)",S0231974,-28.40610007,121.1457293,0.9573897696303442 km
700,"(-23.715655, 119.281652)",S0002505,-23.7214830179109,119.288090429366,0.9206973617991895 km
701,"(-21.079196, 116.927548)",S0001501,-20.989581935012,116.869939555878,11.588852280698317 km
702,"(-21.079069, 116.923897)",S0019518,-20.989581935012,116.869939555878,11.38514705236815 km
703,"(-21.066667, 116.936068)",S0022459,-20.989581935012,116.869939555878,10.958730955747269 km
704,"(-21.079069, 116.923897)",S0023122,-20.989581935012,116.869939555878,11.38514705236815 km
705,"(-21.589494, 122.204345)",S0029493,-21.7197933561973,122.185737371216,14.555478855488666 km
706,"(-28.40897, 121.147797)",S0002897,-28.49394426,121.1780778,9.873440576744262 km
707,"(-28.40897, 121.147797)",S0002898,-28.49394426,121.1780778,9.873440576744262 km
708,"(-28.444611, 121.155098)",S0018933,-28.49394426,121.1780778,5.912506009338973 km
709,"(-28.444611, 121.155098)",S0019383,-28.49394426,121.1780778,5.912506009338973 km
710,"(-28.43095, 121.146103)",S0022300,-28.49394426,121.1780778,7.651636933237646 km
711,"(-28.483949, 121.169987)",S0223460,-28.49394426,121.1780778,1.361872119256621 km
712,"(-28.478071, 121.158546)",S0224705,-28.49394426,121.1780778,2.598536736090778 km
713,"(-28.483949, 121.169987)",S0229619,-28.49394426,121.1780778,1.361872119256621 km
714,"(-28.397473, 121.145223)",S0231974,-28.49394426,121.1780778,11.165451239787998 km
715,"(-28.40897, 121.147797)",S0002897,-28.38818353,121.1357702,2.5876688635865164 km
716,"(-28.40897, 121.147797)",S0002898,-28.38818353,121.1357702,2.5876688635865164 km
717,"(-28.444611, 121.155098)",S0018933,-28.38818353,121.1357702,6.534092616231592 km
718,"(-28.444611, 121.155098)",S0019383,-28.38818353,121.1357702,6.534092616231592 km
719,"(-28.43095, 121.146103)",S0022300,-28.38818353,121.1357702,4.846577942470945 km
720,"(-28.483949, 121.169987)",S0223460,-28.38818353,121.1357702,11.130096921972864 km
721,"(-28.478071, 121.158546)",S0224705,-28.38818353,121.1357702,10.208728683797535 km
722,"(-28.483949, 121.169987)",S0229619,-28.38818353,121.1357702,11.130096921972864 km
723,"(-28.397473, 121.145223)",S0231974,-28.38818353,121.1357702,1.3849609294817162 km
724,"(-24.638213, 118.585512)",S0001538,-24.6438779503888,118.586587996123,0.6368784111101221 km
725,"(-28.40897, 121.147797)",S0002897,-28.3693199307174,121.115566241402,5.411796245085878 km
726,"(-28.40897, 121.147797)",S0002898,-28.3693199307174,121.115566241402,5.411796245085878 km
727,"(-28.444611, 121.155098)",S0018933,-28.3693199307174,121.115566241402,9.199537949978211 km
728,"(-28.444611, 121.155098)",S0019383,-28.3693199307174,121.115566241402,9.199537949978211 km
729,"(-28.43095, 121.146103)",S0022300,-28.3693199307174,121.115566241402,7.456991976984507 km
730,"(-28.483949, 121.169987)",S0223460,-28.3693199307174,121.115566241402,13.7773957907197 km
731,"(-28.478071, 121.158546)",S0224705,-28.3693199307174,121.115566241402,12.76691465543273 km
732,"(-28.483949, 121.169987)",S0229619,-28.3693199307174,121.115566241402,13.7773957907197 km
733,"(-28.397473, 121.145223)",S0231974,-28.3693199307174,121.115566241402,4.264251962768276 km
734,"(-23.715655, 119.281652)",S0002505,-23.7212287712176,119.287809752037,0.8805468934469247 km
735,"(-18.438029, 127.489408)",S0001362,-18.4393891687402,127.48997418737,0.16199706446597542 km
736,"(-18.364941, 127.486)",S0002287,-18.4393891687402,127.48997418737,8.25098972025328 km
737,"(-18.31883, 127.543198)",S0005102,-18.4393891687402,127.48997418737,14.48098630644642 km
738,"(-18.364941, 127.486)",S0018738,-18.4393891687402,127.48997418737,8.25098972025328 km
739,"(-18.36684, 127.53437)",S0024078,-18.4393891687402,127.48997418737,9.299866799253978 km
740,"(-21.589494, 122.204345)",S0029493,-21.7208433413995,122.19142851317,14.6050653443471 km
741,"(-28.40897, 121.147797)",S0002897,-28.37230993,121.1195032,4.918957417750471 km
742,"(-28.40897, 121.147797)",S0002898,-28.37230993,121.1195032,4.918957417750471 km
743,"(-28.444611, 121.155098)",S0018933,-28.37230993,121.1195032,8.739048262722857 km
744,"(-28.444611, 121.155098)",S0019383,-28.37230993,121.1195032,8.739048262722857 km
745,"(-28.43095, 121.146103)",S0022300,-28.37230993,121.1195032,7.0021084655544605 km
746,"(-28.483949, 121.169987)",S0223460,-28.37230993,121.1195032,13.324496050316789 km
747,"(-28.478071, 121.158546)",S0224705,-28.37230993,121.1195032,12.329484608876644 km
748,"(-28.483949, 121.169987)",S0229619,-28.37230993,121.1195032,13.324496050316789 km
749,"(-28.397473, 121.145223)",S0231974,-28.37230993,121.1195032,3.759171351959433 km
750,"(-28.40897, 121.147797)",S0002897,-28.38709642,121.1339087,2.78009731730554 km
751,"(-28.40897, 121.147797)",S0002898,-28.38709642,121.1339087,2.78009731730554 km
752,"(-28.444611, 121.155098)",S0018933,-28.38709642,121.1339087,6.703721377824179 km
753,"(-28.444611, 121.155098)",S0019383,-28.38709642,121.1339087,6.703721377824179 km
754,"(-28.43095, 121.146103)",S0022300,-28.38709642,121.1339087,5.004851857702749 km
755,"(-28.483949, 121.169987)",S0223460,-28.38709642,121.1339087,11.300746268356491 km
756,"(-28.478071, 121.158546)",S0224705,-28.38709642,121.1339087,10.367265078225614 km
757,"(-28.483949, 121.169987)",S0229619,-28.38709642,121.1339087,11.300746268356491 km
758,"(-28.397473, 121.145223)",S0231974,-28.38709642,121.1339087,1.5975006552707658 km
759,"(-25.540623, 119.328132)",S0223862,-25.5406429911687,119.32780446565,0.032992884459622826 km
760,"(-25.545412, 119.329808)",S0224795,-25.5406429911687,119.32780446565,0.5653874373000749 km
761,"(-25.540623, 119.328132)",S0225466,-25.5406429911687,119.32780446565,0.032992884459622826 km
762,"(-25.540623, 119.328132)",S0225668,-25.5406429911687,119.32780446565,0.032992884459622826 km
763,"(-25.54063, 119.328128)",S0225749,-25.5406429911687,119.32780446565,0.03254828864841091 km
764,"(-21.589494, 122.204345)",S0029493,-21.7175007406023,122.188982184618,14.26255580284943 km
765,"(-28.40897, 121.147797)",S0002897,-28.48912926,121.1750043,9.274903997510128 km
766,"(-28.40897, 121.147797)",S0002898,-28.48912926,121.1750043,9.274903997510128 km
767,"(-28.444611, 121.155098)",S0018933,-28.48912926,121.1750043,5.3050218141582 km
768,"(-28.444611, 121.155098)",S0019383,-28.48912926,121.1750043,5.3050218141582 km
769,"(-28.43095, 121.146103)",S0022300,-28.48912926,121.1750043,7.041796410348842 km
770,"(-28.483949, 121.169987)",S0223460,-28.48912926,121.1750043,0.7556190320670808 km
771,"(-28.478071, 121.158546)",S0224705,-28.48912926,121.1750043,2.024646650370335 km
772,"(-28.483949, 121.169987)",S0229619,-28.48912926,121.1750043,0.7556190320670808 km
773,"(-28.397473, 121.145223)",S0231974,-28.48912926,121.1750043,10.568562073810236 km
774,"(-28.40897, 121.147797)",S0002897,-28.4040695544996,121.142421999121,0.7565479648190153 km
775,"(-28.40897, 121.147797)",S0002898,-28.4040695544996,121.142421999121,0.7565479648190153 km
776,"(-28.444611, 121.155098)",S0018933,-28.4040695544996,121.142421999121,4.661538472274606 km
777,"(-28.444611, 121.155098)",S0019383,-28.4040695544996,121.142421999121,4.661538472274606 km
778,"(-28.43095, 121.146103)",S0022300,-28.4040695544996,121.142421999121,3.00081092874255 km
779,"(-28.483949, 121.169987)",S0223460,-28.4040695544996,121.142421999121,9.255396626054694 km
780,"(-28.478071, 121.158546)",S0224705,-28.4040695544996,121.142421999121,8.352038934163495 km
781,"(-28.483949, 121.169987)",S0229619,-28.4040695544996,121.142421999121,9.255396626054694 km
782,"(-28.397473, 121.145223)",S0231974,-28.4040695544996,121.142421999121,0.7808999911038577 km
783,"(-28.40897, 121.147797)",S0002897,-28.4859906349427,121.172369543909,8.868804871963011 km
784,"(-28.40897, 121.147797)",S0002898,-28.4859906349427,121.172369543909,8.868804871963011 km
785,"(-28.444611, 121.155098)",S0018933,-28.4859906349427,121.172369543909,4.887987032030909 km
786,"(-28.444611, 121.155098)",S0019383,-28.4859906349427,121.172369543909,4.887987032030909 km
787,"(-28.43095, 121.146103)",S0022300,-28.4859906349427,121.172369543909,6.620279168550098 km
788,"(-28.483949, 121.169987)",S0223460,-28.4859906349427,121.172369543909,0.32499794614472055 km
789,"(-28.478071, 121.158546)",S0224705,-28.4859906349427,121.172369543909,1.6132700471977668 km
790,"(-28.483949, 121.169987)",S0229619,-28.4859906349427,121.172369543909,0.32499794614472055 km
791,"(-28.397473, 121.145223)",S0231974,-28.4859906349427,121.172369543909,10.164136959555032 km
792,"(-21.589494, 122.204345)",S0029493,-21.7207263764794,122.19386290833,14.571241732912846 km
793,"(-28.765087, 116.962407)",S0001256,-28.7759131959398,116.952572048489,1.5369229581995036 km
794,"(-28.744567, 116.945103)",S0001257,-28.7759131959398,116.952572048489,3.5499091859831426 km
795,"(-28.765087, 116.962407)",S0002039,-28.7759131959398,116.952572048489,1.5369229581995036 km
796,"(-28.776882, 116.964949)",S0018874,-28.7759131959398,116.952572048489,1.2133433253711414 km
797,"(-28.767751, 116.959301)",S0018875,-28.7759131959398,116.952572048489,1.1180946988489737 km
798,"(-28.74515, 116.943556)",S0019515,-28.7759131959398,116.952572048489,3.5214067681729895 km
799,"(-28.774319, 116.963017)",S0020268,-28.7759131959398,116.952572048489,1.0351307625543025 km
800,"(-28.769453, 116.960083)",S0020269,-28.7759131959398,116.952572048489,1.02499095302413 km
801,"(-28.775338, 116.95315)",S0020270,-28.7759131959398,116.952572048489,0.08514177307851752 km
802,"(-28.827388, 117.012276)",S0033008,-28.7759131959398,116.952572048489,8.155982313854624 km
803,"(-28.847024, 117.032666)",S0033009,-28.7759131959398,116.952572048489,11.101513874908438 km
804,"(-21.589494, 122.204345)",S0029493,-21.7227251281874,122.182950259721,14.91740070348528 km
805,"(-28.40897, 121.147797)",S0002897,-28.49160736,121.1760852,9.568402524543183 km
806,"(-28.40897, 121.147797)",S0002898,-28.49160736,121.1760852,9.568402524543183 km
807,"(-28.444611, 121.155098)",S0018933,-28.49160736,121.1760852,5.5993392105853985 km
808,"(-28.444611, 121.155098)",S0019383,-28.49160736,121.1760852,5.5993392105853985 km
809,"(-28.43095, 121.146103)",S0022300,-28.49160736,121.1760852,7.3358254621371275 km
810,"(-28.483949, 121.169987)",S0223460,-28.49160736,121.1760852,1.0377494875712354 km
811,"(-28.478071, 121.158546)",S0224705,-28.49160736,121.1760852,2.2803674838561108 km
812,"(-28.483949, 121.169987)",S0229619,-28.49160736,121.1760852,1.0377494875712354 km
813,"(-28.397473, 121.145223)",S0231974,-28.49160736,121.1760852,10.861780994999283 km
814,"(-28.40897, 121.147797)",S0002897,-28.4877890069137,121.172644529092,9.06798161474058 km
815,"(-28.40897, 121.147797)",S0002898,-28.4877890069137,121.172644529092,9.06798161474058 km
816,"(-28.444611, 121.155098)",S0018933,-28.4877890069137,121.172644529092,5.084483941584207 km
817,"(-28.444611, 121.155098)",S0019383,-28.4877890069137,121.172644529092,5.084483941584207 km
818,"(-28.43095, 121.146103)",S0022300,-28.4877890069137,121.172644529092,6.814584799862384 km
819,"(-28.483949, 121.169987)",S0223460,-28.4877890069137,121.172644529092,0.4988282611448356 km
820,"(-28.478071, 121.158546)",S0224705,-28.4877890069137,121.172644529092,1.750949715247197 km
821,"(-28.483949, 121.169987)",S0229619,-28.4877890069137,121.172644529092,0.4988282611448356 km
822,"(-28.397473, 121.145223)",S0231974,-28.4877890069137,121.172644529092,10.363578153309382 km
823,"(-24.638213, 118.585512)",S0001538,-24.6435179115548,118.585625179388,0.5877238565715849 km
824,"(-25.540623, 119.328132)",S0223862,-25.4341953828976,119.414898050749,14.666864452138547 km
825,"(-25.545412, 119.329808)",S0224795,-25.4341953828976,119.414898050749,14.999782708235738 km
826,"(-25.540623, 119.328132)",S0225466,-25.4341953828976,119.414898050749,14.666864452138547 km
827,"(-25.540623, 119.328132)",S0225668,-25.4341953828976,119.414898050749,14.666864452138547 km
828,"(-25.54063, 119.328128)",S0225749,-25.4341953828976,119.414898050749,14.667726900369285 km
829,"(-21.589494, 122.204345)",S0029493,-21.7161180641703,122.189353553659,14.106142148543759 km
830,"(-24.638213, 118.585512)",S0001538,-24.6499338291879,118.589411047042,1.3569703652718843 km
831,"(-28.40897, 121.147797)",S0002897,-28.38943391,121.135292,2.4878532505745015 km
832,"(-28.40897, 121.147797)",S0002898,-28.38943391,121.135292,2.4878532505745015 km
833,"(-28.444611, 121.155098)",S0018933,-28.38943391,121.135292,6.415605576434454 km
834,"(-28.444611, 121.155098)",S0019383,-28.38943391,121.135292,6.415605576434454 km
835,"(-28.43095, 121.146103)",S0022300,-28.38943391,121.135292,4.721440831592395 km
836,"(-28.483949, 121.169987)",S0223460,-28.38943391,121.135292,11.012397398003243 km
837,"(-28.478071, 121.158546)",S0224705,-28.38943391,121.135292,10.084027158992653 km
838,"(-28.483949, 121.169987)",S0229619,-28.38943391,121.135292,11.012397398003243 km
839,"(-28.397473, 121.145223)",S0231974,-28.38943391,121.135292,1.3194727195704803 km
840,"(-28.765087, 116.962407)",S0001256,-28.7754135344711,116.954302068773,1.3915234578696898 km
841,"(-28.744567, 116.945103)",S0001257,-28.7754135344711,116.954302068773,3.5348521057430373 km
842,"(-28.765087, 116.962407)",S0002039,-28.7754135344711,116.954302068773,1.3915234578696898 km
843,"(-28.776882, 116.964949)",S0018874,-28.7754135344711,116.954302068773,1.0523146615712118 km
844,"(-28.767751, 116.959301)",S0018875,-28.7754135344711,116.954302068773,0.9795560753740026 km
845,"(-28.74515, 116.943556)",S0019515,-28.7754135344711,116.954302068773,3.514518468353224 km
846,"(-28.774319, 116.963017)",S0020268,-28.7754135344711,116.954302068773,0.8596096356747573 km
847,"(-28.769453, 116.960083)",S0020269,-28.7754135344711,116.954302068773,0.8689623868981341 km
848,"(-28.775338, 116.95315)",S0020270,-28.7754135344711,116.954302068773,0.1128092182397139 km
849,"(-28.827388, 117.012276)",S0033008,-28.7754135344711,116.954302068773,8.075572710104124 km
850,"(-28.847024, 117.032666)",S0033009,-28.7754135344711,116.954302068773,11.023053876573744 km
851,"(-23.715655, 119.281652)",S0002505,-23.7249571761912,119.291820421257,1.461691849191397 km
852,"(-24.638213, 118.585512)",S0001538,-24.6383409572268,118.602106482539,1.6801454901508286 km
